<Bindings>
  <Binding name="RPTAGS_DISABLE_RPUF" category="BINDING_HEADER_RPTAGS">
    RPTAGS.utils.keybind.disableRPUF()
  </Binding>
  <Binding name="RPTAGS_HIDE_IN_COMBAT" category="BINDING_HEADER_RPTAGS">
    RPTAGS.utils.keybind.hideInCombat()
  </Binding>
  <Binding name="RPTAGS_LOCK_FRAMES" category="BINDING_HEADER_RPTAGS">
    RPTAGS.utils.keybind.lockFrames()
  </Binding>
  <Binding name="RPTAGS_TAG_EDITOR" category="BINDING_HEADER_RPTAGS">
    RPTAGS.utils.keybind.tagEditor()
  </Binding>
</Bindings>
