<Ui xmlns="http://www.blizzard.com/wow/ui/" 
	xmlns:xsi="http://www.w3.org/2001/XMLSchema-instance" 
	xsi:schemaLocation="http://www.blizzard.com/wow/ui/">
	
        <Script  file="LibStub\LibStub.lua"                         />

        <Include file="CallbackHandler-1.0\CallbackHandler-1.0.xml" />
        <Include file="AceLocale-3.0\AceLocale-3.0.xml"             />
        <Include file="AceGUI-3.0\AceGUI-3.0.xml"                   />
        <Include file="AceConfig-3.0\AceConfig-3.0.xml"             />

        <Script  file="LibRealmInfo\LibRealmInfo.lua"               />
        <Include file="LibSharedMedia-3.0\lib.xml"                  />
        <Include file="AceGUI-3.0-SharedMediaWidgets\widget.xml"    />
        <Include file="LibToast-1.0\lib.xml"                        />
        <Include file="LibMarkdown\LibMarkdown.xml"                 />
</Ui>
